Channel,p_spike_1.0_count,p_spike_1.0_times,p_poly_1.0_count,p_poly_1.0_times,p_sw_1.0_count,p_sw_1.0_times
RA1-RA2,66,"[64.3, 118.57, 132.385, 298.695, 346.53, 354.975, 357.65, 641.865, 676.0699999999999, 769.28, 812.365, 829.565, 833.67, 1003.01, 1013.015, 1038.2, 1044.97, 1070.88, 1123.905, 1140.845, 1215.045, 1270.97, 1351.24, 1492.565, 1704.015, 1959.695, 1976.19, 2086.84, 2150.805, 2258.805, 2277.775, 2619.2, 2704.71, 2756.15, 2853.6, 2965.03, 2973.675, 3122.07, 3344.53, 3489.715, 3577.965, 3733.92, 3793.275, 3914.15, 4027.89, 4070.45, 4106.14, 4163.785, 4201.48, 4296.26, 4319.415, 4477.145, 4481.505, 4545.12, 4626.72, 4848.935, 5011.67, 5209.0, 5222.925, 5374.325, 5467.47, 5486.78, 5741.11, 5815.675, 5840.735, 6110.825]",11,"[361.65, 429.855, 539.5550000000001, 1042.705, 1143.765, 2403.79, 3610.82, 3964.405, 5362.7, 5514.395, 6081.59]",86,"[55.315, 121.8, 125.655, 136.44, 203.8, 230.35, 237.475, 438.95, 440.55, 509.02, 526.4300000000001, 577.5550000000001, 583.385, 603.525, 657.22, 695.95, 699.1800000000001, 711.48, 735.435, 752.77, 754.27, 823.72, 837.085, 855.645, 979.88, 1014.36, 1116.695, 1185.54, 1219.52, 1312.685, 1365.77, 1406.75, 1653.41, 1655.6, 1660.245, 1791.405, 1869.075, 2021.44, 2024.95, 2029.615, 2031.99, 2043.185, 2146.62, 2201.57, 2359.92, 2364.225, 2430.95, 2435.175, 2554.96, 2571.43, 2595.985, 2695.17, 2772.745, 2797.28, 2941.985, 2954.77, 3098.675, 3371.575, 3457.805, 3589.535, 3654.045, 3725.21, 3890.635, 4158.025, 4186.83, 4215.405, 4270.005, 4370.395, 4464.36, 4489.295, 4666.645, 4714.915, 4911.65, 5007.205, 5013.76, 5035.755, 5084.1, 5103.84, 5236.71, 5515.76, 5648.29, 5755.97, 5922.26, 5982.56, 5984.95, 6114.12]"
RA10-RA11,25,"[5.355, 60.195, 96.27, 143.155, 243.785, 400.28, 610.06, 741.29, 854.895, 1181.99, 1697.77, 2005.89, 2023.785, 2742.54, 2779.535, 2899.15, 2923.52, 2998.475, 3039.35, 3052.255, 3779.38, 5061.065, 5410.245, 6070.87, 6091.405]",4,"[1492.7, 2456.125, 6106.975, 6169.945]",20,"[363.18, 783.38, 787.8975625, 858.285, 1612.5, 1735.355, 1855.42, 1868.93, 2089.43, 2491.51865625, 2822.265, 2835.28, 3706.04, 3754.825, 4815.23, 5028.15, 5576.205, 5807.705, 5917.06, 5919.29]"
RA11-RA12,45,"[45.96, 119.115, 133.35, 429.96, 522.265, 525.505, 591.105, 640.11, 647.01, 660.12, 741.3050000000001, 822.985, 1003.01, 1255.05, 1336.62, 1361.475, 1454.625, 1456.65, 1698.025, 1711.805, 1820.56, 1901.845, 1924.12, 2042.25, 2049.47, 2080.925, 2163.455, 2410.145, 2527.585, 2532.615, 2621.445, 2641.12, 2714.58, 2798.065, 2860.185, 3030.9835, 3296.635, 3721.89, 3769.435, 3772.93, 3779.63, 4970.89, 5743.49, 6001.445, 6004.045]",4,"[2105.55, 2923.63, 5370.47, 5895.74]",55,"[263.18, 369.675, 396.36, 546.975, 732.915, 738.29, 787.575, 854.605, 873.025, 1124.985, 1133.11, 1304.915, 1364.795, 1396.865, 1399.345, 1574.26, 1634.105, 1851.965, 1914.865, 1921.73, 1975.45, 2010.105, 2129.04, 2148.59, 2277.51, 2539.96, 2726.385, 2795.99, 2873.36, 2998.49, 3080.91, 3165.185, 3478.62, 3744.686625, 4058.425, 4412.64, 4536.525, 4787.54, 5158.625, 5227.0, 5380.92, 5576.22, 5590.755, 5592.24, 5674.55, 5726.23, 5838.385, 5845.7, 5948.745, 5994.53, 6008.695, 6029.655, 6037.425, 6077.16, 6157.37]"
RA2-RA3,55,"[222.78, 230.355, 237.465, 354.955, 497.57, 575.6600000000001, 598.38, 603.52, 606.8, 685.165, 713.81, 969.635, 1084.495, 1116.84, 1170.85, 1172.335, 1467.185, 1653.495, 1676.84, 1947.47, 2150.915, 2191.645, 2363.13, 2482.54, 2631.975, 2656.26, 2702.39, 2704.69, 2783.71, 2893.84, 2965.04, 2973.65, 3026.94, 3036.765, 3147.155, 3344.505, 3651.935, 3779.39, 3900.145, 3914.13, 4186.82, 4848.915, 5367.95, 5431.565, 5467.44, 5548.87, 5609.275, 5649.59, 5749.455, 5840.7, 5856.23, 5907.31, 5922.245, 5984.97, 6063.675]",23,"[186.185, 361.655, 924.865, 1155.5, 1182.16, 1985.44, 2527.615, 2812.875, 3793.25, 4106.15, 4130.555, 4216.635, 4229.35, 4605.175, 5362.71, 5646.44, 5687.225, 5696.88, 6000.015, 6088.16, 6111.125, 6142.965, 6145.62]",126,"[85.51, 282.915, 347.225, 351.245, 394.845, 526.42, 579.48, 641.83, 688.04, 705.29, 711.48, 735.435, 754.235, 836.38, 979.885, 1003.955, 1016.01, 1055.375, 1078.935, 1153.315, 1164.34, 1190.945, 1363.45, 1367.73, 1383.765, 1492.55, 1574.83, 1961.215, 2144.73, 2160.745, 2334.59, 2438.83, 2524.13, 2541.175, 2726.115, 2852.705, 3121.86, 3149.985, 3222.04, 3237.69, 3362.78, 3407.35, 3437.19, 3489.67, 3554.335, 3575.455, 3654.03, 3667.04, 3733.905, 3790.025, 3932.0, 3964.395, 4098.195, 4143.68, 4158.27, 4163.755, 4191.415, 4201.325, 4208.41, 4236.785, 4258.12, 4265.895, 4303.045, 4336.825, 4348.335, 4365.36, 4431.23, 4479.645, 4481.525, 4489.405, 4498.29, 4500.245, 4545.095, 4607.725, 4626.715, 4714.91, 4738.795, 4774.54, 4819.96, 4891.585, 4911.635, 4917.46, 4920.585, 4951.645, 4975.305, 5011.51, 5013.76, 5125.37, 5132.235, 5190.805, 5220.155, 5260.04, 5276.72, 5364.54, 5370.695, 5374.295, 5403.655, 5416.385, 5421.255, 5487.87, 5500.18, 5514.385, 5551.465, 5558.25, 5573.57, 5580.935, 5595.345, 5615.83, 5618.665, 5628.01, 5653.81, 5656.03, 5676.03, 5678.31, 5745.565, 5767.395, 5773.41, 5882.485, 5937.595, 5952.345, 5962.185, 5974.695, 5982.37, 6058.5, 6094.16, 6113.4]"
RA3-RA4,93,"[347.22, 356.305, 394.875, 456.325, 497.6, 514.28, 544.41, 583.385, 598.415, 687.2, 754.265, 779.4300000000001, 807.285, 823.735, 828.4449999999999, 897.11, 965.82, 1076.675, 1088.625, 1170.89, 1172.345, 1182.15, 1190.965, 1250.295, 1289.04, 1312.705, 1363.45, 1384.27, 1433.6, 1467.235, 1492.575, 1574.335, 1653.455, 1704.075, 1723.095, 1792.945, 2049.405, 2086.815, 2098.3, 2122.3, 2135.0, 2150.785, 2172.335, 2252.0, 2277.75, 2334.585, 2403.865, 2425.935, 2619.185, 2704.69, 2814.28, 2853.585, 2955.725, 2965.01, 3127.25, 3240.18, 3362.795, 3438.57, 3793.255, 3914.135, 3932.715, 3974.365, 4028.4, 4081.19, 4147.76, 4181.43, 4183.44, 4201.325, 4229.905, 4298.38, 4315.67, 4381.53, 4464.36, 4485.415, 4545.105, 4848.95, 4869.875, 4934.055, 5012.02, 5013.785, 5185.83, 5374.305, 5467.45, 5494.47, 5741.135, 5751.51, 5767.385, 5881.405, 6012.075, 6040.115, 6094.16, 6110.825, 6152.115]",12,"[833.65, 1497.42, 2160.745, 3003.62, 3667.04, 4143.675, 4368.855, 5372.84, 5416.38, 5514.385, 5646.445, 6022.085]",49,"[992.905, 1007.37, 1016.075, 1044.93, 1550.39, 1812.015, 2524.13, 2657.73, 2744.29, 2897.56, 2973.65, 3031.615, 3121.86, 3323.8, 3575.445, 3589.535, 3938.965, 3964.45, 4070.425, 4106.115, 4208.405, 4220.72, 4236.785, 4413.39, 4425.43, 4431.235, 4460.795, 4500.235, 4774.59, 4951.645, 5173.33, 5208.975, 5222.9, 5276.715, 5362.68, 5405.515, 5486.75, 5488.63, 5521.99, 5607.23, 5653.37, 5676.015, 5801.75, 5830.225, 5922.29, 6063.67, 6109.405, 6113.395, 6144.67]"
RA4-RA5,30,"[55.31, 184.595, 467.5225625, 522.11, 598.435, 779.4300000000001, 807.285, 833.665, 1007.385, 1070.885, 1169.285, 1172.325, 1190.985, 1271.005, 1365.785, 1434.135, 1653.805, 1792.945, 2049.33, 2098.31, 2150.8, 2172.225, 2277.77, 2291.56, 2527.595, 2619.2, 2656.795, 2943.45, 3003.625, 3779.38]",6,"[1574.895, 4070.435, 4163.05, 5173.335, 5208.99, 5362.7]",43,"[347.23, 517.105, 688.06, 711.125, 735.485, 1025.48, 1289.045, 1355.255, 1704.11, 2031.825, 2086.85, 2122.305, 2403.885, 2482.525, 2524.105, 2541.18, 2672.88, 2704.735, 2744.63, 2814.295, 2965.045, 2973.69, 3127.27, 3239.285, 3344.555, 3651.94, 3667.03, 3793.295, 3914.15, 3964.195, 4081.195, 4106.15, 4477.135, 5012.025, 5013.81, 5222.92, 5374.325, 5467.46, 5486.77, 5494.52, 5741.135, 5761.78, 5822.075]"
RA5-RA6,21,"[24.89, 64.3, 85.505, 203.915, 497.6, 502.345, 583.385, 812.365, 897.185, 965.82, 1025.495, 1215.045, 1363.515, 1693.175, 2086.86, 2527.58, 2562.58, 2729.915, 3733.64, 4477.12, 4848.97]",2,"[481.47, 688.045]",54,"[55.975, 132.39, 467.51865625, 513.545, 595.62, 711.13, 735.505, 788.345, 1170.855, 1172.32, 1190.97, 1194.01, 1271.565, 1354.625, 1434.135, 1492.61, 1574.88, 1639.115, 1704.12, 2031.79, 2057.72, 2122.305, 2150.785, 2291.56, 2482.525, 2565.02, 2598.895, 2619.185, 2738.83, 2814.29, 2965.06, 3003.625, 3240.55, 3344.875, 3438.57, 3577.945, 3651.935, 3793.26, 3964.195, 4070.43, 4087.615, 4106.115, 4163.035, 4545.14, 5013.79, 5125.035, 5173.335, 5208.98, 5222.9, 5362.685, 5374.305, 5486.755, 5741.135, 5843.235]"
RA6-RA7,15,"[60.135, 94.16, 96.21, 203.94, 226.4, 309.755, 347.23, 467.525, 514.205, 779.435, 892.48, 1003.035, 1070.89, 3344.955, 5564.53]",0,[],10,"[85.68, 522.115, 1289.045, 2279.475, 2565.045, 2704.73, 2973.695, 3651.945, 3964.19, 4106.155]"
RA7-RA8,19,"[44.895, 70.385, 80.935, 94.18, 104.0, 112.23, 241.8, 262.89, 704.735, 707.86, 1040.665, 1559.585, 1734.65, 1777.255, 2209.065, 2797.57, 2955.3, 3595.165, 3822.78]",1,[2465.18],24,"[23.67, 119.115, 701.4449999999999, 986.69, 1127.06, 1312.795, 1392.335, 1454.64, 1469.63, 1541.635, 1652.53, 1770.855, 1774.495, 1796.485, 1820.56, 1914.95, 1936.525, 2051.915, 2194.61, 2662.645, 2774.415, 3152.305, 4106.215, 5948.755]"
RA8-RA9,11,"[53.11, 94.165, 363.715, 855.275, 1257.425, 2058.89, 2835.37, 3755.85, 4270.84, 4714.7, 5935.575]",1,[5843.98],15,"[19.21, 119.105, 131.155, 262.875, 365.595, 798.19, 1227.13, 1658.35, 2168.815, 2615.86, 2666.17, 3165.18, 4236.155, 5128.36, 5556.705]"
RA9-RA10,6,"[60.18, 136.065, 363.695, 854.885, 2455.93, 2742.54]",1,[2065.43],3,"[32.745, 129.845, 2774.415]"
RH1-RH2,45,"[394.885, 419.655, 497.59, 517.16, 559.115, 680.785, 892.525, 966.255, 1002.955, 1025.555, 1172.33, 1191.06, 1230.9, 1355.3, 1466.665, 1519.895, 1653.435, 1909.49, 2150.86, 2277.825, 2425.945, 2619.26, 2704.775, 2965.085, 2973.735, 3036.8, 3651.925, 3779.385, 3914.215, 4070.495, 4076.94, 4106.2, 4143.98, 4163.095, 4183.47, 4229.92, 4486.24, 5209.045, 5222.97, 5362.76, 5374.375, 5467.52, 5486.825, 5496.51, 5688.575]",6,"[1296.11, 1484.455, 1561.92, 2702.445, 5668.63, 5851.27]",85,"[85.505, 104.435, 143.66, 167.105, 184.51, 215.9, 320.795, 347.235, 490.895, 513.565, 544.415, 583.4, 688.085, 818.505, 865.52, 868.735, 958.79, 992.895, 1013.96, 1030.63, 1116.725, 1270.99, 1383.895, 1424.66, 1475.785, 1497.415, 1528.995, 1539.11, 1574.29, 1704.49, 1907.13, 2049.24, 2279.355, 2291.565, 2364.39, 2404.24, 2482.59, 2495.28, 2570.285, 2797.115, 2891.37, 2897.575, 3222.98, 3240.975, 3344.89, 3362.79, 3438.58, 3554.38, 3613.165, 3733.65, 3974.395, 4114.945, 4209.105, 4260.045, 4267.735, 4313.94, 4315.65, 4370.53, 4460.925, 4545.19, 4760.64, 4765.565, 4822.31, 4849.325, 4869.915, 5173.405, 5453.865, 5495.215, 5563.81, 5615.83, 5644.16, 5646.46, 5649.505, 5650.825, 5696.915, 5713.255, 5732.87, 5741.12, 5767.41, 5896.985, 5931.91, 5933.165, 5937.62, 6031.955, 6111.21]"
RH10-RH11,40,"[708.51, 864.35, 915.7, 1057.78, 1095.73, 1115.65, 1194.475, 1199.4, 1203.065, 1260.8, 1279.77, 1331.345, 1349.24, 1375.065, 1438.615, 1443.885, 1520.09, 1527.835, 1529.59, 1579.2256875, 1619.375, 1667.69, 1764.155, 1871.315, 1889.865, 2066.69, 2438.83, 2736.635, 2757.3, 2849.935, 3296.89, 5585.675, 5604.89, 5621.99, 5671.46, 5684.965, 5701.25, 5845.33, 5856.52, 6170.375]",6,"[1306.29, 1449.33, 1574.905, 2599.06, 5623.59, 5836.615]",129,"[322.11, 363.085, 675.3199999999999, 735.965, 803.265, 834.25, 841.08, 892.14, 918.305, 928.67, 948.475, 1025.495, 1028.975, 1034.065, 1065.12, 1070.785, 1073.9, 1079.0, 1090.51, 1108.375, 1124.06, 1140.685, 1145.975, 1154.955, 1176.165, 1183.42, 1187.87, 1207.06, 1212.04, 1218.76, 1223.135, 1233.605, 1235.65, 1243.97, 1246.68, 1247.73, 1254.485, 1258.155, 1277.215, 1278.69, 1335.82, 1342.65146875, 1344.99, 1366.715, 1407.275, 1412.675, 1419.99, 1461.17, 1462.655, 1463.9, 1471.86, 1480.335, 1486.455, 1495.09, 1500.26, 1507.4, 1545.13, 1549.305, 1561.92, 1571.665, 1602.365, 1630.655, 1634.17, 1643.615, 1654.07, 1673.22, 1752.03, 1901.92, 1976.19, 1980.03, 1993.47, 1999.555, 2010.555, 2017.08, 2024.955, 2057.725, 2178.065, 2456.36, 2548.345, 2582.445, 2640.84, 2647.87, 2741.225, 2742.415, 2745.465, 2751.085, 2775.32, 2779.305, 2797.62, 3641.075, 4323.6, 4489.45, 4529.8, 4735.96, 5464.635, 5501.815, 5545.815, 5613.34, 5625.355, 5647.33, 5673.9, 5705.675, 5727.42, 5763.43, 5781.285, 5825.95, 5829.41, 5831.235, 5843.295, 5860.725, 5868.98, 5877.255, 5882.185, 5887.74, 5894.89, 5915.505, 5924.475, 5942.535, 5961.13, 5986.88, 6027.26, 6029.65, 6040.115, 6090.96, 6105.9, 6121.22, 6148.36, 6181.28, 6183.87]"
RH11-RH12,59,"[147.345, 153.9, 176.645, 486.625, 634.22, 643.695, 1030.485, 1060.095, 1422.725, 1632.915, 1930.615, 2014.32, 2121.275, 2365.57, 2397.06, 2510.925, 2589.575, 2672.825, 2727.435, 2899.08, 3038.875, 3207.82, 3214.11, 3341.0, 3342.505, 3592.375, 3659.995, 3886.695, 4004.1, 4238.34, 4359.13, 4501.615, 4529.795, 4535.49, 4619.875, 4715.955, 4719.515, 4731.3, 4805.51, 4861.395, 4869.02, 4881.875, 5063.065, 5064.995, 5128.27, 5223.81, 5229.91, 5272.995, 5277.565, 5317.75, 5711.905, 5752.27, 5763.845, 5842.69, 5925.5, 5976.97, 6063.92, 6166.295, 6176.19]",5,"[1174.74, 1829.49, 5237.435, 5858.35, 5895.87]",93,"[199.99, 327.56, 336.69, 353.615, 364.48, 518.13, 1067.165, 1321.42, 1555.6, 1602.215, 1639.135, 1714.81, 1933.815, 1976.185, 2359.615, 2426.26, 2436.38, 2508.725, 2629.135, 2655.275, 2704.365, 2741.225, 2791.66, 2851.45, 2947.085, 3001.305, 3041.355, 3105.94, 3110.795, 3126.77, 3235.395, 3477.84, 3553.435, 3631.815, 3643.08, 3735.945, 3804.465, 3817.635, 3819.06, 3821.235, 3872.44, 3936.715, 3963.72, 3970.325, 4231.655, 4280.13, 4363.485, 4365.91, 4369.16, 4388.13, 4412.33, 4503.075, 4573.99, 4617.77, 4717.005, 4763.27, 4771.875, 4782.465, 4814.03, 4854.11, 4913.7, 4969.565, 4970.84, 4992.545, 5029.235, 5100.53, 5109.055, 5114.545, 5231.58, 5287.645, 5348.01, 5353.81, 5389.655, 5439.66, 5538.215, 5549.425, 5563.12, 5604.5, 5658.72, 5689.36, 5731.5, 5736.185, 5740.985, 5798.55, 5829.235, 5845.395, 5932.88, 6010.985, 6032.235, 6055.91, 6082.01, 6107.91, 6172.49]"
RH2-RH3,26,"[282.93, 517.12, 522.735, 1215.05, 1355.3, 1539.26, 2277.81, 2364.39, 2795.915, 2814.33, 2965.07, 3020.24, 3793.315, 3914.19, 4070.48, 4163.085, 4425.44, 4486.24, 4641.595, 5209.03, 5222.95, 5374.365, 5467.5, 5486.805, 5668.625, 5842.155]",10,"[99.465, 535.61, 1025.87, 1254.42, 1363.835, 1575.275, 2252.18, 2334.785, 2482.925, 5942.54]",119,"[40.34, 64.18, 85.46, 88.45, 173.74, 198.79, 320.775, 358.86, 394.9, 419.625, 467.425, 481.4, 514.235, 574.52, 575.94, 608.435, 625.445, 687.53, 711.65, 714.385, 788.405, 892.505, 910.145, 965.79, 1003.54, 1014.06, 1045.76, 1071.085, 1169.25, 1191.045, 1198.695, 1200.15, 1250.275, 1289.51, 1310.08, 1365.485, 1372.07, 1383.875, 1424.895, 1434.38, 1466.66, 1476.36, 1492.955, 1561.92, 1654.115, 1679.41, 1698.97, 1704.165, 1812.025, 1836.835, 1882.22, 1907.135, 1909.485, 2049.7, 2086.905, 2098.29, 2135.0, 2150.83, 2172.24, 2191.28, 2225.835, 2329.145, 2346.275, 2359.86, 2744.62, 2897.575, 2899.11, 2944.045, 2956.11, 2974.04, 3003.565, 3032.18, 3036.84, 3127.62, 3136.855, 3160.06, 3199.24, 3228.2, 3371.25, 3438.555, 3651.92, 3778.53, 3963.885, 4044.975, 4081.155, 4143.69, 4181.455, 4201.385, 4209.11, 4229.91, 4267.735, 4478.405, 4760.62, 4849.26, 4869.88, 4951.675, 5014.255, 5114.275, 5121.215, 5173.385, 5258.01, 5362.73, 5373.055, 5454.77, 5494.7, 5496.515, 5514.68, 5563.81, 5646.47, 5649.505, 5650.83, 5679.79, 5696.875, 5741.11, 5775.02, 5780.72, 5897.005, 6032.23, 6081.43]"
RH3-RH4,17,"[85.465, 215.945, 535.605, 598.335, 796.67, 1014.215, 1191.38, 1194.44, 1363.98, 1372.135, 2943.45, 3734.17, 4425.5, 4870.235, 5467.96, 5556.36, 5849.165]",17,"[88.45, 218.215, 237.375, 610.6949999999999, 653.545, 656.65, 774.53, 949.825, 970.89, 1003.485, 1023.44, 1263.905, 1271.23, 1355.715, 1492.955, 2279.485, 5374.77]",123,"[53.815, 99.535, 138.33, 156.79, 173.745, 198.785, 212.86, 284.1, 326.2, 341.84, 453.155, 455.145, 467.43271875, 480.08, 481.465, 490.895, 514.24, 517.13, 522.59, 554.495, 567.9200000000001, 600.04, 612.1700000000001, 625.48, 643.69, 672.255, 687.53, 692.835, 707.205, 711.155, 714.385, 735.3199999999999, 738.87, 751.865, 759.815, 763.99, 779.45, 788.4, 807.455, 833.685, 867.225, 875.05, 884.725, 892.53, 893.625, 921.55, 925.385, 953.255, 960.385, 979.705, 1007.975, 1028.755, 1036.4, 1045.755, 1065.255, 1115.77, 1155.33, 1164.095, 1172.32, 1212.935, 1214.94, 1230.905, 1282.735, 1289.51, 1293.545, 1310.085, 1319.32, 1361.995, 1397.28, 1406.545, 1424.89, 1438.59, 1476.365, 1494.965, 1520.32, 1727.375, 2049.34, 2087.325, 2098.285, 2135.02, 2151.175, 2252.18, 2291.93, 2334.785, 2403.905, 2405.395, 2482.92, 2497.35, 2527.97, 2619.645, 2705.1, 2744.63, 2797.14, 2956.14, 2974.04, 3003.65, 3020.085, 3032.18, 3127.29, 3239.295, 3273.985, 3371.25, 3439.0, 3793.93, 3940.11, 4044.975, 4163.53, 4181.51, 4477.58, 4849.325, 4951.705, 5012.045, 5125.035, 5173.8, 5209.46, 5223.37, 5363.185, 5373.055, 5454.77, 5486.79, 5514.47, 5549.04, 6139.02]"
RH4-RH5,6,"[198.29, 1574.885, 2772.54, 3003.63, 3793.34, 5922.285]",2,"[1270.875, 2814.365]",36,"[64.18, 156.785, 467.445, 1025.565, 1355.285, 1484.51, 1550.405, 1792.94, 1882.24, 1947.47, 1976.22, 2057.72, 2122.31, 2150.83, 2252.02, 2291.565, 2425.935, 2593.525, 2705.1, 2943.45, 3651.94, 3733.94, 3964.2, 4081.2, 4163.115, 4183.45, 4315.67, 4460.845, 4690.605, 5114.56, 5649.64, 5696.92, 5713.61, 5789.365, 5909.995, 6031.95]"
RH5-RH6,4,"[53.855, 2772.54, 3344.955, 4617.125]",7,"[679.485, 897.6600000000001, 915.855, 1003.49, 1484.805, 1653.435, 4070.905]",44,"[51.62, 64.305, 336.225, 399.95, 481.325, 513.86, 517.705, 522.585, 535.6, 559.605, 598.3399999999999, 610.7049999999999, 738.875, 834.11, 884.51, 910.14, 1007.97, 1065.085, 1193.99, 1355.28, 1438.59, 1574.91, 1668.335, 1976.225, 2049.335, 2057.72, 2527.615, 2557.23, 2567.655, 2599.06, 2974.195, 3296.52, 3733.64, 4106.15, 4144.29, 4477.5, 4655.315, 4849.325, 5173.8, 5209.35, 5317.76, 5514.475, 5768.04, 6040.11]"
RH6-RH7,4,"[300.26, 404.345, 1633.53, 2568.51]",0,[],6,"[361.255, 1728.035, 2045.37, 2739.895, 2966.965, 4246.275]"
RH7-RH8,1,[1975.12],0,[],4,"[1715.39, 2435.745, 2451.955, 3298.225]"
RH8-RH9,44,"[91.72, 101.6, 142.555, 445.86, 511.605, 541.22, 864.7, 907.83, 933.015, 936.255, 945.805, 948.22, 999.17, 1095.73, 1110.315, 1115.49, 1134.22, 1160.895, 1270.48, 1297.22, 1307.53, 1340.675, 1347.78, 1377.76, 1439.875, 1495.095, 1574.53, 1658.335, 1679.42, 1770.86, 2003.525, 2059.59, 2493.23, 2885.24, 2907.8, 3037.465, 3975.09, 4535.095, 4545.295, 4613.39, 5666.44, 5825.64, 5841.855, 6089.61]",14,"[1243.58, 1255.35, 1343.975, 1529.04, 1593.03, 1728.085, 1897.335, 2950.745, 3207.89, 4119.955, 4362.615, 5628.2, 5976.98, 6107.92]",97,"[145.215, 393.69, 399.985, 408.345, 450.74, 465.69, 539.525, 580.27, 792.2, 797.87, 895.6800000000001, 900.52, 986.805, 1001.655, 1037.255, 1058.895, 1072.025, 1235.655, 1246.78, 1300.865, 1322.05, 1375.075, 1388.8, 1418.57, 1422.725, 1436.475, 1454.045, 1461.16, 1471.38, 1527.015, 1573.475, 1585.58, 1602.01, 1625.02, 1643.62, 1733.6, 1791.375, 1794.335, 1851.775, 1891.825, 1911.56, 1933.96, 1952.525, 2021.685, 2032.115, 2050.44, 2346.48, 2436.88, 2438.9, 2457.245, 2563.975, 2911.335, 2922.53, 3027.475, 3103.105, 3105.93, 3161.205, 3164.56, 3263.475, 3546.745, 3647.75, 4007.34, 4023.18, 4044.37, 4078.465, 4134.15, 4384.375, 4393.775, 4415.82, 4460.34, 4608.41, 4617.83, 4854.11, 5034.98, 5257.48, 5562.38, 5586.33, 5613.025, 5623.585, 5708.975, 5727.7, 5765.99, 5807.615, 5809.74, 5812.92, 5857.96, 5903.475, 5930.71, 5932.4, 5973.565, 6061.94, 6088.29, 6110.63, 6140.745, 6144.25, 6159.395, 6164.75]"
RH9-RH10,20,"[394.815, 400.15, 1181.36, 1479.575, 1540.185, 1658.19, 1947.155, 2742.415, 4320.325, 4384.795, 5060.505, 5144.115, 5240.375, 5272.99, 5498.21, 5508.72, 5637.805, 5808.81, 6117.425, 6123.055]",9,"[1771.105, 3087.69, 3641.07, 4613.705, 4894.48, 5686.815, 5719.86, 5953.26, 6172.74]",102,"[145.195, 1601.98, 1607.495, 1609.295, 1619.42, 1634.17, 1653.435, 1672.255, 1696.335, 1698.315, 1716.47, 1724.155, 1732.26, 1744.43, 1752.03, 1791.35, 1851.775, 1875.865, 1897.685, 1901.38, 1972.44, 2057.56, 2079.375, 2296.66, 2418.91, 2457.245, 2493.23, 2494.76, 2555.295, 2585.765, 2640.84, 2654.87, 2663.335, 2738.75, 2779.31, 2784.67, 3011.475, 3090.075, 3300.15, 3702.645, 4271.0, 4273.73, 4289.68, 4377.715, 4394.045, 4505.195, 4617.82, 4714.75, 4718.3, 4884.01, 5039.7, 5104.655, 5124.97, 5141.715, 5209.35, 5277.565, 5348.12, 5357.78, 5379.625, 5390.115, 5435.89, 5487.03, 5511.7, 5545.82, 5550.93, 5563.965, 5572.365, 5591.015, 5597.36, 5606.03, 5617.32, 5625.355, 5631.73, 5661.09, 5668.04, 5673.9, 5682.465, 5721.97, 5736.24, 5740.99, 5799.285, 5810.575, 5815.675, 5836.99, 5841.86, 5845.705, 5858.35, 5860.715, 5874.25, 5877.555, 5894.195, 5897.625, 5917.435, 5930.72, 5933.21, 5948.785, 6023.7, 6037.615, 6043.89, 6086.91, 6151.055, 6178.07]"
RM1-RM2,0,[],0,[],5,"[212.785, 3027.415, 3629.605, 3984.98, 6073.3]"
RM10-RM11,0,[],0,[],5,"[445.56, 533.91, 665.455, 783.795, 1527.75]"
RM11-RM12,1,[4612.32],1,[7.715],13,"[29.42, 660.52, 1643.615, 1976.46, 2051.905, 2435.22, 2581.345, 2743.7, 2771.5, 3027.42, 3103.7, 3295.715, 5582.965]"
RM12-RM13,0,[],0,[],44,"[400.57, 624.82, 642.29, 783.0, 863.325, 957.63, 998.865, 1130.73, 1162.725, 1514.21, 1518.685, 1715.425, 1976.46, 2548.18, 2568.34, 2742.415, 2997.84, 3233.315, 3240.435, 3281.61, 3344.85, 3384.395, 3525.04, 3559.545, 3574.805, 3601.83, 3806.965, 3814.8, 3969.3, 4005.825, 4057.69, 4060.45, 4700.775, 4702.145, 4851.795, 5014.69, 5577.095, 5579.645, 5749.92, 5919.04, 5973.655, 6011.07, 6123.29, 6166.4]"
RM13-RM14,0,[],0,[],1,[2742.41]
RM14-RM15,1,[5582.95],0,[],2,"[2051.91, 4393.755]"
RM15-RM16,1,[6063.955],4,"[664.97, 1099.735, 4162.25, 5624.665]",101,"[322.23, 344.34, 466.535, 488.175, 490.67, 603.26, 650.355, 671.8, 692.38, 807.09, 863.3299999999999, 889.8050000000001, 951.755, 1035.68, 1088.865, 1162.725, 1179.88, 1182.87, 1209.6, 1246.75, 1259.21, 1344.885, 1368.54, 1418.59, 1444.49, 1548.21, 1552.94, 1569.155, 1589.99, 1708.945, 1818.97, 1862.92, 2141.195, 2271.54, 2279.355, 2287.27, 2424.355, 2742.395, 2904.68, 2927.32, 2986.915, 2991.12, 3013.33, 3027.44, 3045.1, 3068.725, 3081.715, 3120.32, 3122.93, 3136.095, 3147.615, 3153.195, 3233.32, 3245.835, 3247.895, 3344.85, 3376.37, 3446.645, 3466.23, 3559.09, 3601.8, 3936.785, 4055.865, 4060.74, 4065.46, 4076.79, 4139.765, 4160.06, 4209.94, 4215.935, 4304.605, 4332.035, 4681.76, 4692.855, 4702.14, 4703.975, 4709.425, 4759.825, 4787.115, 4881.6, 4915.885, 4917.46, 4958.015, 4999.27, 5022.355, 5025.83, 5122.37, 5286.38, 5358.08, 5386.43, 5415.825, 5445.885, 5451.105, 5464.705, 5504.475, 5508.115, 5734.66, 5815.13, 5973.675, 6166.86, 6176.19]"
RM16-RM17,0,[],0,[],7,"[938.45, 2050.72, 2141.195, 2771.415, 2819.485, 3018.92, 3027.385]"
RM2-RM3,26,"[3.485, 153.26, 253.92, 301.33, 461.055, 627.56, 1224.88, 1514.35, 1919.35, 1955.6, 1988.78, 2368.555, 2795.97, 2873.6, 3069.78, 3127.35, 3595.875, 4544.065, 5111.605, 5347.015, 5665.675, 5701.49, 5702.515, 5795.01, 6027.395, 6159.655]",19,"[578.05, 699.3199999999999, 892.5550000000001, 912.375, 1488.625, 1834.185, 2026.23, 2326.22, 2929.37, 2941.19, 3054.98, 3140.195, 3562.905, 4629.965, 5587.635, 5848.695, 5945.345, 6020.82, 6181.445]",168,"[23.155, 262.87, 285.485, 414.205, 467.13, 472.205, 514.245, 574.255, 619.225, 634.985, 657.95, 676.05, 695.41, 803.265, 885.62, 907.855, 1019.055, 1083.02, 1100.77, 1174.19, 1268.2, 1288.695, 1313.17, 1433.645, 1448.885, 1504.25, 1511.19, 1548.595, 1576.26, 1721.765, 1816.09, 1817.92, 1868.69, 1884.905, 1933.925, 1960.305, 2135.305, 2186.71, 2217.07, 2234.015, 2253.615, 2308.66, 2400.39, 2464.965, 2478.37, 2529.7, 2645.22, 2662.61, 2741.635, 2807.4, 2820.09, 2838.505, 2879.685, 2985.135, 2987.9, 2999.305, 3087.965, 3093.22, 3103.085, 3108.215, 3112.895, 3125.2, 3131.345, 3178.605, 3246.23, 3438.575, 3440.74, 3458.835, 3462.3, 3465.41, 3486.61, 3508.955, 3569.25, 3667.8, 3685.51, 3690.595, 3724.835, 3731.245, 3758.38, 3782.93, 3860.56, 3867.5, 4026.185, 4072.9, 4181.485, 4189.415, 4217.76, 4253.645, 4278.745, 4290.785, 4292.64, 4369.925, 4524.825, 4589.25, 4598.79, 4628.505, 4660.89, 4748.66, 4751.715, 4763.39, 4803.53, 4832.335, 4847.875, 4863.025, 4897.755, 4909.16, 4966.39, 5109.45, 5154.415, 5160.865, 5266.38, 5270.725, 5311.41, 5320.78, 5334.415, 5336.86, 5338.41, 5350.935, 5361.015, 5399.56, 5415.63, 5432.67, 5455.28, 5457.205, 5474.72, 5477.13, 5487.275, 5498.33, 5509.055, 5518.69, 5521.63, 5527.955, 5551.34, 5561.335, 5582.205, 5584.965, 5633.29, 5637.7, 5653.48, 5664.185, 5671.74, 5690.455, 5716.79, 5719.285, 5742.615, 5748.375, 5751.005, 5770.43, 5788.515, 5821.845, 5828.025, 5860.44, 5865.24, 5868.69, 5872.055, 5875.03, 5895.62, 5917.28, 5918.75, 5940.745, 5984.59, 6082.52, 6086.775, 6101.295, 6112.64, 6152.62, 6161.82, 6166.49]"
RM3-RM4,14,"[3.405, 50.815, 127.96, 546.63, 625.935, 2120.565, 2380.49, 2664.235, 3007.155, 3161.625, 3245.86, 3445.22, 4065.76, 5737.09]",6,"[471.235, 2288.005, 3500.85, 4947.54, 5403.86, 5955.035]",179,"[19.945, 31.32, 125.1, 147.625, 271.265, 416.325, 420.315, 456.855, 468.28, 477.235, 490.49, 493.97, 599.8050000000001, 610.1700000000001, 633.76, 707.065, 713.85, 1288.565, 1411.01, 1457.735, 1483.125, 1513.965, 1565.94, 1686.035, 1739.26, 1740.61, 1784.23, 1822.845, 1846.5, 1957.955, 1996.885, 2019.6, 2098.485, 2191.02, 2216.665, 2255.815, 2261.325, 2311.41, 2314.005, 2322.94, 2381.95, 2433.355, 2497.345, 2657.485, 2801.89, 2878.595, 2898.965, 2915.155, 2919.635, 2986.415, 2989.04, 3005.84, 3011.245, 3023.265, 3025.455, 3056.26, 3062.285, 3069.335, 3070.83, 3073.845, 3095.94, 3103.795, 3109.73, 3112.94, 3116.265, 3127.175, 3224.06, 3228.795, 3268.735, 3340.07, 3346.565, 3386.6, 3402.785, 3415.015, 3437.99, 3447.58, 3458.835, 3466.86, 3468.55, 3502.97, 3504.66, 3532.665, 3553.565, 3565.795, 3605.185, 3629.3, 3632.04, 3678.39, 3910.945, 3975.41, 3980.91, 3987.85, 3991.345, 4016.0, 4026.435, 4035.08, 4057.675, 4078.525, 4081.655, 4083.92, 4158.86, 4189.85, 4192.415, 4194.115, 4196.195, 4211.2, 4218.065, 4229.57, 4276.15, 4281.35, 4305.845, 4359.225, 4391.455, 4483.56, 4513.975, 4517.67, 4522.295, 4570.12, 4579.04990625, 4611.865, 4639.545, 4661.245, 4709.33, 4726.05, 4740.08, 4747.335, 4751.455, 4762.98, 4782.435, 4790.775, 4828.47, 4832.335, 4841.91, 4878.82, 5013.445, 5044.82, 5116.21, 5160.745, 5223.085, 5224.945, 5237.13, 5253.96, 5257.585, 5272.725, 5339.415, 5367.615, 5369.25, 5374.28, 5414.91, 5444.77, 5467.585, 5474.655, 5480.545, 5484.275, 5493.0, 5497.58, 5509.61, 5511.54, 5584.51, 5597.78, 5664.17, 5702.46, 5704.15, 5726.43, 5812.685, 5827.945, 5846.86, 5861.095, 5872.77, 5877.76, 5918.745, 5933.865, 6039.215, 6042.77, 6047.16, 6116.46, 6139.13, 6152.05, 6161.76]"
RM4-RM5,0,[],0,[],5,"[3425.26, 3964.44, 4094.215, 4806.435, 5511.09]"
RM5-RM6,2,"[2051.845, 2593.96]",0,[],10,"[400.61, 2031.8, 3565.775, 4513.965, 4926.76, 5351.135, 5664.15, 5728.035, 6011.07, 6082.38]"
RM6-RM7,1,[2040.82],1,[4522.285],19,"[400.56, 1247.52, 2451.89, 2568.355, 2684.19, 2748.32, 2754.72, 3521.455, 3565.06, 3627.77, 4057.535, 4926.755, 4981.075, 5498.45, 5727.845, 5750.475, 5850.63, 5924.63, 6011.205]"
RM7-RM8,1,[1548.47],2,"[4078.02, 5897.245]",13,"[1247.685, 1643.465, 2748.315, 2754.685, 3027.25, 3532.82, 5015.36, 5152.83, 5352.045, 5508.24, 5511.09, 5727.85, 5846.235]"
RM8-RM9,1,[2179.84],0,[],5,"[2031.81, 2742.415, 3049.845, 3601.835, 4926.765]"
RM9-RM10,1,[783.155],0,[],1,[533.91]
RO1-RO2,10,"[29.14, 40.9, 1653.435, 1904.41, 1951.215, 2087.47, 2133.17, 2275.125, 3344.935, 3483.57]",3,"[2801.11, 3221.92, 3844.77]",36,"[571.475, 967.24, 1385.99, 1939.115, 2145.185, 2190.77, 2253.865, 2289.2, 2480.23, 2556.33, 3050.01, 3113.615, 3167.84, 3270.145, 3278.3, 3427.805, 3645.03, 3661.405, 3696.25, 3758.0, 3797.73, 3814.44, 3960.705, 3991.54, 4106.195, 4140.305, 4145.375, 4199.825, 4313.85, 4593.72, 4746.56, 4978.895, 5025.265, 5355.825, 5367.725, 5968.095]"
RO2-RO3,22,"[110.715, 152.285, 320.8, 578.185, 696.46, 837.575, 1770.86, 1778.695, 2168.745, 2268.125, 2955.29, 2988.515, 3362.865, 4175.73, 4546.01, 4616.725, 5246.435, 5709.59, 5729.6, 5769.16, 6002.7, 6040.935]",10,"[230.74, 905.53, 1314.675, 1414.545, 3048.485, 3280.25, 3667.02, 5319.265, 5437.13, 5722.81]",149,"[7.985, 171.715, 173.25, 198.11, 259.97, 263.115, 277.85, 301.355, 511.815, 544.05, 622.13, 629.145, 669.985, 698.24, 869.4649999999999, 892.575, 934.34, 1125.505, 1130.705, 1132.815, 1145.04, 1147.61, 1202.35, 1316.11, 1388.54, 1443.06, 1445.205, 1512.69, 1515.745, 1525.0, 1548.985, 1693.525, 1757.525, 1777.465, 1888.6, 1909.115, 2011.84, 2026.67, 2029.785, 2039.28, 2074.16, 2086.785, 2099.28, 2138.34, 2163.835, 2199.87, 2286.335, 2289.21, 2300.585, 2303.88, 2312.33, 2400.89, 2419.48, 2511.645, 2524.125, 2573.005, 2586.475, 2611.925, 2673.065, 2702.365, 2764.785, 2775.11, 2798.89, 2821.095, 2842.88, 2864.135, 2880.085, 2895.895, 2904.72, 2925.89, 3003.76, 3013.13, 3014.88, 3019.98, 3051.9, 3090.255, 3122.005, 3188.86, 3213.75, 3239.505, 3283.135, 3294.2, 3346.815, 3365.395, 3396.39, 3501.775, 3522.47, 3594.65, 3690.49, 3719.305, 3745.3, 3793.715, 3806.945, 3813.99, 3871.925, 3937.785, 3938.955, 3954.37, 3966.525, 4003.915, 4039.7, 4072.87, 4152.49, 4185.96, 4252.81, 4263.025, 4265.335, 4362.82, 4375.74, 4422.095, 4447.425, 4448.745, 4474.285, 4526.69, 4549.58, 4554.37, 4559.0, 4605.15, 4607.865, 4628.58, 4641.555, 4711.845, 4720.765, 4760.62, 4775.68, 4802.965, 4860.5, 4899.43, 4945.83, 5027.21, 5048.575, 5051.435, 5270.875, 5294.035, 5321.735, 5357.98, 5453.18, 5474.895, 5486.735, 5511.52, 5606.11, 5648.21, 5773.395, 5787.05, 5815.665, 5902.46, 6039.22, 6121.565, 6128.815]"
RO5-RO6,2,"[1548.325, 2066.7]",0,[],6,"[2021.59, 2742.41, 2752.245, 3087.99, 3103.7, 4247.9]"
RO6-RO7,9,"[1693.12, 1852.04, 2031.815, 2298.26, 2451.945, 2491.235, 2599.045, 2742.4, 2772.485]",1,[2198.18],13,"[1873.0, 1976.465, 2024.165, 2051.945, 2066.7, 2147.93, 2453.01, 2553.01, 2644.395, 2752.24, 3545.56, 4712.105, 5903.29]"
RO7-RO8,6,"[6.755, 100.835, 151.405, 290.67, 2031.81, 2154.49]",1,[115.005],36,"[32.86, 37.64, 51.35, 156.0, 222.975, 361.46, 486.0, 488.75, 684.025, 752.735, 1112.59, 1363.715, 1714.905, 2599.04, 2742.39, 2898.97, 3027.275, 3297.23, 3601.865, 4035.675, 4120.89, 4140.945, 4615.07, 5375.37, 5464.675, 5547.885, 5586.9, 5589.22, 5750.51, 5826.925, 5841.685, 5894.245, 5973.63, 6011.115, 6063.91, 6114.465]"
RO8-RO9,6,"[2031.805, 4711.465, 5399.43, 5547.89, 5897.24, 5924.64]",0,[],22,"[1509.48, 2010.4, 2145.225, 2147.945, 2498.05, 3596.39, 3983.47, 4570.39, 4939.53, 5041.39, 5107.225, 5146.19, 5317.56, 5415.77, 5596.745, 5750.48, 5859.385, 5894.835, 5957.755, 6032.415, 6063.89, 6159.365]"
RO9-RO10,5,"[2491.245, 2497.975, 3103.275, 4970.43, 5014.675]",0,[],7,"[1247.585, 4203.795, 4926.77, 5019.195, 5036.995, 5511.14, 6011.12]"
RX1-RX2,5,"[187.6, 2365.795, 2764.295, 3002.825, 3200.51]",5,"[2282.165, 2371.93, 3167.855, 3544.91, 4362.175]",53,"[627.94, 1303.92, 1386.0, 1881.805, 1936.995, 2133.72, 2178.415, 2267.545, 2289.215, 2363.96, 2368.23, 2480.21, 2571.795, 2756.795, 2774.105, 2788.475, 2909.31, 2960.665, 3015.52, 3018.84, 3050.015, 3060.225, 3102.85, 3125.23, 3205.655, 3227.75, 3240.87, 3383.455, 3403.71, 3428.195, 3483.5, 3522.04, 3661.42, 3673.715, 3770.94, 3837.42, 3844.78, 3846.385, 3916.59, 3978.3, 4038.135, 4051.04, 4116.37, 4118.11, 4320.56, 4375.2, 4376.725, 4610.695, 4646.91, 4698.215, 4831.645, 5416.325, 5534.25]"
RX10-RX11,1,[4081.645],0,[],23,"[1548.35, 2368.0, 2498.055, 2609.345, 2955.575, 3025.455, 3062.065, 3107.985, 3109.61, 3125.055, 3525.035, 3815.675, 4066.74, 4077.925, 4763.18, 4939.54, 5253.75, 5389.89, 5498.44, 5508.7, 5597.455, 5727.77, 5925.36]"
RX11-RX12,6,"[3104.83, 3120.325, 3256.495, 3779.675, 5884.91, 5924.685]",4,"[1123.76, 2405.745, 2554.13, 4769.98]",113,"[187.345, 225.37, 506.55, 517.16, 789.3050000000001, 911.47, 915.31, 1057.49, 1100.595, 1108.21, 1486.415, 1529.45, 2138.19, 2166.975, 2248.355, 2367.985, 2411.535, 2491.38, 2497.96, 2559.45, 2609.345, 2618.17, 2676.92, 2684.115, 2745.24, 2756.085, 2822.25, 2916.75, 2965.535, 2999.455, 3025.46, 3027.31, 3088.03, 3090.32, 3107.99, 3109.605, 3125.055, 3136.775, 3137.92, 3161.265, 3224.415, 3238.64, 3257.795, 3268.755, 3279.64, 3376.255, 3525.035, 3579.06, 3612.26, 3637.01, 3807.19, 3816.245, 3860.075, 3988.39, 4016.44, 4052.2, 4053.365, 4066.74, 4069.08, 4074.835, 4076.795, 4078.43, 4120.125, 4139.255, 4140.97, 4148.715, 4300.18, 4505.515, 4621.925, 4711.515, 4722.22, 4848.36, 4851.355, 4878.835, 4881.86, 4939.56, 4970.695, 4995.915, 5017.73, 5110.63, 5133.54, 5141.69, 5152.725, 5253.75, 5317.595, 5351.52, 5389.895, 5415.79, 5466.835, 5478.44, 5498.83, 5508.695, 5549.465, 5550.57, 5597.465, 5727.775, 5729.965, 5788.465, 5790.32, 5809.16, 5810.595, 5820.415, 5837.06, 5868.725, 5871.02, 5874.31, 5888.305, 5894.15, 5897.28, 5988.11, 6010.955, 6160.065, 6184.085]"
RX12-RX13,2,"[3103.35, 5820.415]",0,[],27,"[1108.355, 1311.805, 2031.805, 2367.995, 2497.96, 2599.055, 3087.765, 3107.195, 3117.62, 3601.875, 4048.04, 4053.37, 4060.96, 4063.615, 4120.6, 4463.395, 4616.54, 4980.955, 5141.685, 5466.825, 5494.115, 5527.82, 5790.565, 5810.59, 5846.68, 5925.36, 6139.33]"
RX13-RX14,1,[3577.96],4,"[3601.71, 4763.185, 5389.895, 5860.27]",45,"[403.15, 1397.48, 1423.34, 1427.64, 1452.34, 1548.355, 1737.645, 2031.805, 2599.055, 3011.5, 3039.76, 3050.265, 3059.205, 3109.63, 3121.18, 3137.93, 3273.085, 3521.32, 3807.245, 3815.81, 3834.805, 3969.305, 4047.195, 4049.66, 4066.715, 4071.755, 4077.925, 4081.64, 4350.535, 4613.38, 4617.115, 5006.975, 5498.835, 5577.73, 5750.51, 5846.685, 5848.48, 5851.39, 5865.2, 5868.85, 5888.425, 5924.655, 5973.655, 6082.38, 6184.205]"
RX14-RX15,0,[],0,[],4,"[2565.935, 3025.445, 3815.685, 6123.375]"
RX2-RX3,0,[],1,[4714.82],2,"[2599.06, 2772.155]"
RX3-RX4,1,[1016.115],0,[],0,[]
RX4-RX5,4,"[70.86, 3049.995, 3087.995, 3124.925]",0,[],22,"[86.09, 1505.855, 2138.165, 2379.86, 2747.075, 3018.795, 3103.28, 3137.885, 3280.11, 3521.44, 4094.205, 4142.47, 4348.09, 4622.885, 4852.495, 4970.57, 5331.4, 5597.435, 5815.755, 5895.59, 5988.21, 6010.935]"
RX5-RX6,1,[649.035],1,[3971.77],9,"[20.255, 109.975, 156.065, 216.865, 405.52, 1726.04, 2684.175, 2776.27, 4616.685]"
RX6-RX7,0,[],1,[2411.55],2,"[3087.235, 4617.105]"
RX7-RX8,0,[],0,[],2,"[2411.55, 4094.2]"
RX8-RX9,1,[3120.39],1,[3027.36],36,"[1100.655, 2411.555, 2498.05, 2677.005, 2684.07, 2997.93, 3018.755, 3103.28, 3207.335, 3704.075, 3814.79, 3970.18, 4052.29, 4057.52, 4073.08, 4077.91, 4103.91, 4463.69, 4617.105, 4621.92, 4711.6, 4851.19, 4939.55, 4970.875, 5351.13, 5464.785, 5511.105, 5727.835, 5807.805, 5826.91, 5831.94, 5841.77, 5894.14, 6032.425, 6123.22, 6159.45]"
RX9-RX10,1,[4386.14],1,[2497.905],12,"[2424.195, 2493.365, 3120.39, 3814.865, 4103.835, 4939.535, 4970.88, 5511.165, 5710.235, 5824.045, 5831.795, 6183.455]"
